曲目ID,曲名,别名,,,,,,,,,,,,,
3,B.B.K.K.B.K.K.,bbkkbkk,bk,,,,,,,,,,,,
6,Reach For The Stars,追星,,,,,,,,,,,,,
7,初音ミクの消失,消失,,,,,,,,,,,,,
18,千本桜,千本樱,,,,,,,,,,,,,
19,DRAGONLADY,龙女士,,,,,,,,,,,,,
20,taboo tears you up,淘宝,,,,,,,,,,,,,
21,ナイト・オブ・ナイツ,夜骑,,,,,,,,,,,,,
23,一触即発☆禅ガール,一触即发,,,,,,,,,,,,,
24,ドーナツホール,甜甜圈洞,,,,,,,,,,,,,
27,タイガーランペイジ,,,,,,,,,,,,,,
33,Blue Noise,蓝噪音,,,,,,,,,,,,,
35,Lapis,苍星石,,,,,,,,,,,,,
37,鳥の詩,鸟之诗,,,,,,,,,,,,,
38,天ノ弱,天之弱,,,,,,,,,,,,,
41,sweet little sister,甜二妹,,,,,,,,,,,,,
45,L9,,,,,,,,,,,,,,
46,Bad Apple!! feat.nomico,坏苹果,烂苹果,,,,,,,,,,,,
47,六兆年と一夜物語,lzn,六兆年,,,,,,,,,,,,
48,Unlimited Spark!,,,,,,,,,,,,,,
49,エピクロスの虹はもう見えない,,,,,,,,,,,,,,
51,My First Phone,小灵通,,,,,,,,,,,,,
52,Cyberozar,赛博牛杂,,,,,,,,,,,,,
53,Teriqma,,,,,,,,,,,,,,
59,Invitation,,,,,,,,,,,,,,
61,GOLDEN RULE,黄金律,,,,,,,,,,,,,
62,名も無い鳥,,,,,,,,,,,,,,
63,Gate of Fate,螃蟹,命运之门,命运门,,,,,,,,,,,
64,今ぞ♡崇め奉れ☆オマエらよ！！～姫の秘メタル渇望～,,,,,,,,,,,,,,
65,Anemone,,,,,,,,,,,,,,
66,明るい未来,,,,,,,,,,,,,,
67,昵懇レファレンス,,,,,,,,,,,,,,
68,乗り切れ受験ウォーズ,,,,,,,,,,,,,,
69,The wheel to the right,印度人,电锯人,,,,,,,,,,,,
70,STAR,,,,,,,,,,,,,,
71,Infantoon Fantasy,NEO比中指,,,,,,,,,,,,,
72,Genesis,原神,起源,,,,,,,,,,,,
73,MUSIC PЯAYER,music prayer,,,,,,,,,,,,,
74,リリーシア,,,,,,,,,,,,,,
75,Counselor,,,,,,,,,,,,,,
76,luna blu,蓝月,死神,,,,,,,,,,,,
77,ケモノガル,,,,,,,,,,,,,,
79,ＧＯ！ＧＯ！ラブリズム♥,,,,,,,,,,,,,,
80,Grab your sword,,,,,,,,,,,,,,
82,Memories of Sun and Moon,屎,日月记忆,,,,,,,,,,,,
83,ロストワンの号哭,号哭,,,,,,,,,,,,,
88,The Concept of Love,,,,,,,,,,,,,,
89,JET,,,,,,,,,,,,,,
90,L'épisode,大琴师,,,,,,,,,,,,,
91,Yet Another ”drizzly rain”,,,,,,,,,,,,,,
92,最終鬼畜妹・一部声,最终鬼畜妹,,,,,,,,,,,,,
93,蒼空に舞え、墨染の桜,,,,,,,,,,,,,,
94,セツナトリップ,刹那旅程,,,,,,,,,,,,,
95,砂漠のハンティングガール♡,,,,,,,,,,,,,,
96,チルノのパーフェクトさんすう教室,数学教室,9,,,,,,,,,,,,
97,"Help me, ERINNNNNN!!",,,,,,,,,,,,,,
98,魔理沙は大変なものを盗んでいきました,魔理沙大变,魔理沙偷大便,,,,,,,,,,,,
99,言ノ葉カルマ,,,,,,,,,,,,,,
100,After the rain,,,,,,,,,,,,,,
101,Tango Rouge,探戈,,,,,,,,,,,,,
102,Tuning Rangers,,,,,,,,,,,,,,
103,エンドマークに希望と涙を添えて,希望泪,,,,,,,,,,,,,
104,とーきょー全域★アキハバラ？,,,,,,,,,,,,,,
105,overcome,,,,,,,,,,,,,,
106,宛城、炎上！！,宛城炎上,,,,,,,,,,,,,
107,We Gonna Journey,wgj,我与神祖共旅行,,,,,,,,,,,,
108,The ether,,,,,,,,,,,,,,
113,ストリーミングハート,,,,,,,,,,,,,,
114,Sweet Devil,wqn cheng,,,,,,,,,,,,,
115,Dreaming,,,,,,,,,,,,,,
117,M.S.S.Planet,,,,,,,,,,,,,,
118,腐れ外道とチョコレゐト,腐外道,,,,,,,,,,,,,
119,アウターサイエンス,界外科学,,,,,,,,,,,,,
120,四次元跳躍機関,四次元跳跃机关,,,,,,,,,,,,,
121,東方妖々夢 ～the maximum moving about～,,,,,,,,,,,,,,
122,少女幻葬戦慄曲　～　Necro Fantasia,,,,,,,,,,,,,,
123,橙の幻想郷音頭,,,,,,,,,,,,,,
128,The Formula,,,,,,,,,,,,,,
131,チルドレンレコード,孩童记录,,,,,,,,,,,,,
132,イカサマライフゲイム,骗人的life game,,,,,,,,,,,,,
133,シリョクケンサ,视力检查,,,,,,,,,,,,,
134,HAELEQUIN (Original Remaster),,,,,,,,,,,,,,
135,Vallista,,,,,,,,,,,,,,
136,Äventyr,,,,,,,,,,,,,,
137,Angel dust,天使尘,,,,,,,,,,,,,
138,conflict,公交车,冲突,,,,,,,,,,,,
140,Guilty,,,,,,,,,,,,,,
141,閃鋼のブリューナク,闪钢,,,,,,,,,,,,,
142,Altale,,,,,,,,,,,,,,
143,ODDS&ENDS,,,,,,,,,,,,,,
144,Aragami,荒神,,,,,,,,,,,,,
145,Change Our MIRAI！,,,,,,,,,,,,,,
146,夕暮れワンルーム,,,,,,,,,,,,,,
147,こころここから,,,,,,,,,,,,,,
148,Theme of SeelischTact,,,,,,,,,,,,,,
149,緋色のDance,,,,,,,,,,,,,,
150,brilliant better,,,,,,,,,,,,,,
151,Alma,,,,,,,,,,,,,,
152,Gustav Battle,,,,,,,,,,,,,,
156,FREELY TOMORROW,春晚金曲,,,,,,,,,,,,,
157,ギガンティックO.T.N,otn,,,,,,,,,,,,,
158,フォルテシモBELL,,,,,,,,,,,,,,
159,ジングルベル,金钩表,进入我的胃,圣诞,鸡公煲,,,,,,,,,,
160,言ノ葉遊戯,,,,,,,,,,,,,,
161,私の中の幻想的世界観及びその顕現を想起させたある現実での出来事に関する一考察,名字很长的歌,一考察,,,,,,,,,,,,
163,幾四音-Ixion-,几四音,,,,,,,,,,,,,
165,ぼくらの16bit戦争,16bit,,,,,,,,,,,,,
166,裏表ラバーズ,里表情人,,,,,,,,,,,,,
167,脳漿炸裂ガール,脑浆炸裂女孩,脑浆,,,,,,,,,,,,
168,ネトゲ廃人シュプレヒコール,网游废人,,,,,,,,,,,,,
169,elegante,,,,,,,,,,,,,,
170,DETARAME ROCK&ROLL THEORY,DETARAME,,,,,,,,,,,,,
171,XL TECHNO,特小,,,,,,,,,,,,,
173,Halcyon,翡翠鸡,,,,,,,,,,,,,
177,Jimang Shot,,,,,,,,,,,,,,
178,stella=steLLa,,,,,,,,,,,,,,
179,すろぉもぉしょん,,,,,,,,,,,,,,
180,怒槌,怒锤,屎,,,,,,,,,,,,
181,ユクエシレズ,,,,,,,,,,,,,,
186,ってゐ！　～えいえんてゐVer～,,,,,,,,,,,,,,
187,患部で止まってすぐ溶ける～狂気の優曇華院,患部,,,,,,,,,,,,,
189,ひれ伏せ愚民どもっ！,,,,,,,,,,,,,,
190,エテルニタス・ルドロジー,,,,,,,,,,,,,,
191,幽闇に目醒めしは,,,,,,,,,,,,,,
192,Starlight Vision,,,,,,,,,,,,,,
193,Club Ibuki in Break All,,,,,,,,,,,,,,
194,Phantasm Brigade,幻影旅队,,,,,,,,,,,,,
195,永遠のメロディ,,,,,,,,,,,,,,
196,FREEDOM DiVE,fd,222.22,自由落体,,,,,,,,,,,
197,Jack-the-Ripper◆,jack the ripper,开膛手杰克,杰克,,,,,,,,,,,
198,AVALON,阿瓦隆,,,,,,,,,,,,,
199,ハート・ビート,,,,,,,,,,,,,,
200,無敵We are one!!,,,,,,,,,,,,,,
201,Contrapasso -inferno-,齿轮,,,,,,,,,,,,,
202,GEMINI -C-,双子星,,,,,,,,,,,,,
203,FLOWER,花,扶老二,,,,,,,,,,,,
204,ちくわパフェだよ☆CKP,,,,,,,,,,,,,,
205,SNIPE WHOLE,,,,,,,,,,,,,,
208,SAMBISTA,,,,,,,,,,,,,,
210,アスノヨゾラ哨戒班,烧鸡班,,,,,,,,,,,,,
211,天樂,,,,,,,,,,,,,,
212,いろは唄,,,,,,,,,,,,,,
213,星屑ユートピア,,,,,,,,,,,,,,
216,放課後革命,,,,,,,,,,,,,,
217,楽園ファンファーレ,,,,,,,,,,,,,,
218,サウンドプレイヤー,,,,,,,,,,,,,,
219,玩具狂奏曲 -終焉-,玩具,,,,,,,,,,,,,
220,如月アテンション,,,,,,,,,,,,,,
222,Mr. Wonderland,mr wonderland,,,,,,,,,,,,,
223,カミサマネジマキ,神明发条,,,,,,,,,,,,,
224,恋愛裁判,恋爱裁判,,,,,,,,,,,,,
225,ウミユリ海底譚,海底谭,百合花,,,,,,,,,,,,
226,Garakuta Doll Play,gdp,国民生产总值,小丑,,,,,,,,,,,
227,洗脳,,,,,,,,,,,,,,
228,このふざけた素晴らしき世界は、僕の為にある,,,,,,,,,,,,,,
229,紅華刑,红华刑,,,,,,,,,,,,,
230,Hyperion,亥伯龙,,,,,,,,,,,,,
232,Elemental Creation,读书,少打音游多读书,,,,,,,,,,,,
233,アルストロメリア,alstroemeria,六出花,,,,,,,,,,,,
234,Devastating Blaster,机械头,恐怖机械头,,,,,,,,,,,,
240,夜咄ディセイブ,,,,,,,,,,,,,,
244,回レ！雪月花,,,,,,,,,,,,,,
245,"Help me, あーりん！",,,,,,,,,,,,,,
246,なるとなぎのパーフェクトロックンロール教室,,,,,,,,,,,,,,
248,Schrecklicher Aufstand,德国人,,,,,,,,,,,,,
249,ドライヴ・オン・ザ・レインボー,,,,,,,,,,,,,,
250,Philosopher,哲学家,,,,,,,,,,,,,
251,Crazy ∞ nighT,,,,,,,,,,,,,,
252,愛迷エレジー,,,,,,,,,,,,,,
253,Warcry,,,,,,,,,,,,,,
254,その群青が愛しかったようだった,,,,,,,,,,,,,,
256,札付きのワル　～マイケルのうた～,,,,,,,,,,,,,,
257,BOKUTO,破裤头,剥裤头,,,,,,,,,,,,
258,TiamaT:F minor,提,提亚马特,大猩猩,提你妈,不要再提了,,傻逼,,,,,,,
259,Oshama Scramble! (Cranky Remix),cranky牛奶,牛奶,,,,,,,,,,,,
260,D.E.A.D.L.Y.,,,,,,,,,,,,,,
261,ロボットプラネットユートピア,,,,,,,,,,,,,,
262,Tidal Wave,,,,,,,,,,,,,,
263,Hand in Hand,,,,,,,,,,,,,,
264,My Dearest Song,,,,,,,,,,,,,,
265,猫祭り,猫寄,,,,,,,,,,,,,
266,ゲシュタルト！テスト期間！！,,,,,,,,,,,,,,
267,心象蜃気楼,,,,,,,,,,,,,,
268,Bang Babang Bang!!!,,,,,,,,,,,,,,
270,エンヴィキャットウォーク,嫉妒猫步,,,,,,,,,,,,,
271,鬼KYOKAN,鬼教官,,,,,,,,,,,,,
272,有頂天ビバーチェ,,,,,,,,,,,,,,
273,ビバハピ,快乐万岁,,,,,,,,,,,,,
274,願い星,,,,,,,,,,,,,,
275,愛言葉,爱言叶,,,,,,,,,,,,,
276,後夜祭,,,,,,,,,,,,,,
277,TRUST,,,,,,,,,,,,,,
278,からくりピエロ,活动小丑,,,,,,,,,,,,,
279,深海少女,,,,,,,,,,,,,,
280,リモコン,遥控器,,,,,,,,,,,,,
281,ラクガキスト,涂鸦者,rkgk,,,,,,,,,,,,
282,アカツキアライヴァル,拂晓抵达,,,,,,,,,,,,,
283,神曲,,,,,,,,,,,,,,
284,幸せになれる隠しコマンドがあるらしい,幸隐,,,,,,,,,,,,,
285,メルト,melt,,,,,,,,,,,,,
286,Tell Your World,,,,,,,,,,,,,,
287,ロミオとシンデレラ,罗密欧与辛德瑞拉,,,,,,,,,,,,,
288,First Twinkle,,,,,,,,,,,,,,
289,ウソラセラ,,,,,,,,,,,,,,
290,檄!帝国華撃団,,,,,,,,,,,,,,
291,Kronos,,,,,,,,,,,,,,
292,月に叢雲華に風,,,,,,,,,,,,,,
293,インビジブル,透明人间,,,,,,,,,,,,,
294,人生リセットボタン,人生重来键,,,,,,,,,,,,,
295,響,,,,,,,,,,,,,,
297,風仁雷仁,,,,,,,,,,,,,,
298,PRIVATE SERVICE,,,,,,,,,,,,,,
300,No Routine,,,,,,,,,,,,,,
301,白い雪のプリンセスは,,,,,,,,,,,,,,
302,Strahv,,,,,,,,,,,,,,
303,Dreams Dreams:Kids Ver.,,,,,,,,,,,,,,
304,In The Blue Sky '01,,,,,,,,,,,,,,
305,幻想のサテライト,,,,,,,,,,,,,,
306,凛として咲く花の如く,凛笑花如,,,,,,,,,,,,,
307,Paqqin,,,,,,,,,,,,,,
310,覚醒楽奏メタフィクション,,,,,,,,,,,,,,
316,みくみくにしてあげる♪【してやんよ】,,,,,,,,,,,,,,
317,Air,唉呀,,,,,,,,,,,,,
318,DataErr0r,dataerror,,,,,,,,,,,,,
319,Say A Vengeance,,,,,,,,,,,,,,
320,010,,,,,,,,,,,,,,
321,ERIS -Legend of Gaidelia-,,,,,,,,,,,,,,
322,Imperishable Night 2006 (2016 Refine),2006,,,,,,,,,,,,,
323,Dreadnought,无畏,,,,,,,,,,,,,
324,STAGER,,,,,,,,,,,,,,
325,Her Majesty,,,,,,,,,,,,,,
326,Sakura Fubuki,樱吹雪,,,,,,,,,,,,,
327,JULIAN,,,,,,,,,,,,,,
328,★LittlE HearTs★,小心心,,,,,,,,,,,,,
329,STAIRWAY TO GENERATION,,,,,,,,,,,,,,
330,ドキドキDREAM!!!,,,,,,,,,,,,,,
331,猛進ソリストライフ！,,,,,,,,,,,,,,
332,空威張りビヘイビア,,,,,,,,,,,,,,
333,Oshama Scramble!,牛奶,,,,,,,,,,,,,
334,FLOATED CALM,,,,,,,,,,,,,,
335,Supersonic Generation,超音速代,,,,,,,,,,,,,
336,シジョウノコエ VOCALO ver.,,,,,,,,,,,,,,
337,Tic Tac DREAMIN’,,,,,,,,,,,,,,
338,SPICY SWINGY STYLE,,,,,,,,,,,,,,
339,RevolutionGame,,,,,,,,,,,,,,
340,Still,,,,,,,,,,,,,,
341,おまかせ！！トラブルメイ娘☆とれびちゃん,男娘,,,,,,,,,,,,,
342,オススメ☆♂♀☆でぃすとぴあ,男娘,,,,,,,,,,,,,
343,Daydream café,点兔,,,,,,,,,,,,,
354,ラブリー☆えんじぇる!!,,,,,,,,,,,,,,
362,Face of Fact,,,,,,,,,,,,,,
363,true my heart -Lovable mix-,,,,,,,,,,,,,,
365,桜ノ雨,,,,,,,,,,,,,,
367,いーあるふぁんくらぶ,一二粉丝俱乐部,,,,,,,,,,,,,
368,おこちゃま戦争,孩子气的战争,,,,,,,,,,,,,
369,エイリアンエイリアン,alien alien,外星人,,,,,,,,,,,,
370,虎視眈々,虎视眈眈,,,,,,,,,,,,,
371,アンハッピーリフレイン,unhappy refrain,ur,,,,,,,,,,,,
372,すきなことだけでいいです,,,,,,,,,,,,,,
373,デリヘル呼んだら君が来た,应召女郎,,,,,,,,,,,,,
374,チュルリラ・チュルリラ・ダッダッダ！,哒哒哒,,,,,,,,,,,,,
375,だんだん早くなる,末白,逐渐变快,狗叫,,,,,,,,,,,
376,ECHO,,,,,,,,,,,,,,
377,泡沫、哀のまほろば,,,,,,,,,,,,,,
379,愛き夜道 feat. ランコ、雨天決行,,,,,,,,,,,,,,
380,Starlight Dance Floor,,,,,,,,,,,,,,
381,Witches night,,,,,,,,,,,,,,
382,"Help me, ERINNNNNN!! -Cranky remix-",,,,,,,,,,,,,,
383,仙酌絶唱のファンタジア,,,,,,,,,,,,,,
384,キュアリアス光吉古牌　－祭－,,,,,,,,,,,,,,
385,Evans,,,,,,,,,,,,,,
386,神威,,,,,,,,,,,,,,
388,GOODTEK,锤子,良锤,,,,,,,,,,,,
389,Name of oath,noo,,,,,,,,,,,,,
390,Bird Sprite,,,,,,,,,,,,,,
391,オモイヨシノ,,,,,,,,,,,,,,
393,Dengeki Tube,电管,15,,,,,,,,,,,,
394,若い力 -SEGA HARD GIRLS MIX-,,,,,,,,,,,,,,
395,レッツゴー!陰陽師,阴阳师,,,,,,,,,,,,,
396,あねぺったん,,,,,,,,,,,,,,
397,Like the Wind [Reborn],一块钱,,,,,,,,,,,,,
398,天国と地獄 -言ノ葉リンネ-,,,,,,,,,,,,,,
399,最愛テトラグラマトン,,,,,,,,,,,,,,
402,悪戯,恶戏,,,,,,,,,,,,,
403,りばーぶ,,,,,,,,,,,,,,
404,Barbed Eye,,,,,,,,,,,,,,
405,分からない,不知道,哇卡拉奶,,,,,,,,,,,,
406,相思創愛,,,,,,,,,,,,,,
407,混沌を越えし我らが神聖なる調律主を讃えよ,混沌,混沌越,,,,,,,,,,,,
409,Finite,,,,,,,,,,,,,,
411,地球最後の告白を,地球最后的告白,,,,,,,,,,,,,
413,The wheel to the Night ～インド人が夢に!?～,彩绿印度人,,,,,,,,,,,,,
414,We Gonna Party -Feline Groove Mix-,,,,,,,,,,,,,,
416,Through The Tower,,,,,,,,,,,,,,
421,前前前世,,,,,,,,,,,,,,
426,華鳥風月,,,,,,,,,,,,,,
427,儚きもの人間,,,,,,,,,,,,,,
428,Aleph-0,a0,臀萌金曲,,,,,,,,,,,,
429,Black Lotus,黑莲,,,,,,,,,,,,,
430,ＧＯ！ＧＯ！ラブリズム♥ ～あーりん書類審査通過記念Ver.～,,,,,,,,,,,,,,
431,Session High⤴,,,,,,,,,,,,,,
432,光線チューニング,,,,,,,,,,,,,,
433,立川浄穢捕物帳,立川净秽捕物帐,,,,,,,,,,,,,
434,眠れぬ夜君を想フ,,,,,,,,,,,,,,
435,JIGOKU STATION CENTRAL GATE,,,,,,,,,,,,,,
436,PinqPiq,,,,,,,,,,,,,,
437,トリスメギストス,,,,,,,,,,,,,,
438,WE GOTTA SOUL,,,,,,,,,,,,,,
439,哀しみ集め,,,,,,,,,,,,,,
440,キラメケ→Shoot it Now!,,,,,,,,,,,,,,
441,Kattobi KEIKYU Rider,叮叮电车,电车,叮叮车,,,,,,,,,,,
442,Glorious Crown (tpz over-Over-OVERCUTE REMIX),皇冠,,,,,,,,,,,,,
444,エレクトロサチュレイタ,电子饱和器,,,,,,,,,,,,,
445,Palette,,,,,,,,,,,,,,
446,アマツキツネ,天狐,,,,,,,,,,,,,
447,パーフェクト生命,完美生命,,,,,,,,,,,,,
448,のぼれ！すすめ！高い塔,高塔,,,,,,,,,,,,,
449,害虫,,,,,,,,,,,,,,
455,Vampire,,,,,,,,,,,,,,
456,ケロ⑨destiny,,,,,,,,,,,,,,
457,Last Moments,,,,,,,,,,,,,,
458,風に乗せた願い,风乘,,,,,,,,,,,,,
459,天狗の落とし文 feat. ｙｔｒ,,,,,,,,,,,,,,
460,星色夜空,,,,,,,,,,,,,,
462,物凄い勢いでけーねが物凄いうた,,,,,,,,,,,,,,
463,Wake up Dreamer,,,,,,,,,,,,,,
464,World Vanquisher,世征,,,,,,,,,,,,,
465,macrocosmos,宏宇宙,宏,,,,,,,,,,,,
466,Iudicium,iud,,,,,,,,,,,,,
467,Twice up Scenery,,,,,,,,,,,,,,
468,奏者はただ背中と提琴で語るのみ,,,,,,,,,,,,,,
469,Xevel,X,,,,,,,,,,,,,
470,セイクリッド　ルイン,,,,,,,,,,,,,,
471,極圏,极圈,,,,,,,,,,,,,
472,Scarlet Lance,红叉,红枪,,,,,,,,,,,,
475,ホシトハナ,,,,,,,,,,,,,,
476,Just Be Friends,,,,,,,,,,,,,,
477,炉心融解,,,,,,,,,,,,,,
478,Fire◎Flower,,,,,,,,,,,,,,
479,卑怯戦隊うろたんだー,,,,,,,,,,,,,,
481,イロトリドリのメロディ,,,,,,,,,,,,,,
482,セハガガガンバッちゃう！！,,,,,,,,,,,,,,
483,Burning Hearts ～炎のANGEL～,,,,,,,,,,,,,,
485,Our Fighting,,,,,,,,,,,,,,
486,VERTeX,水神,,,,,,,,,,,,,
487,-OutsideR:RequieM-,,,,,,,,,,,,,,
488,夢と夢～あの日のメロディ～,,,,,,,,,,,,,,
489,La Baguette Magique,,,,,,,,,,,,,,
490,bubble attack,,,,,,,,,,,,,,
491,The Darkness of Valhalla,,,,,,,,,,,,,,
492,時の冒険者,,,,,,,,,,,,,,
493,Rendezvous,,,,,,,,,,,,,,
494,EXECUTOR,,,,,,,,,,,,,,
496,Hyper Active,泥头车,,,,,,,,,,,,,
497,L'épilogue,lepilogue,,,,,,,,,,,,,
498,D✪N’T ST✪P R✪CKIN’ ～[✪_✪] MIX～,dsr,,,,,,,,,,,,,
499,Caliburne ～Story of the Legendary sword～,生煎,生煎1,圣剑1,,,,,,,,,,,
500,プリズム,,,,,,,,,,,,,,
502,Clover Heart's,,,,,,,,,,,,,,
503,スイートマジック,,,,,,,,,,,,,,
504,Calamity Fortune,cf,,,,,,,,,,,,,
505,Melody！,,,,,,,,,,,,,,
506,G e n g a o z o,跟哥走,晋高祖,,,,,,,,,,,,
511,サイバーサンダーサイダー,Cyber Thunder Cider,,,,,,,,,,,,,
512,フラジール,易碎,,,,,,,,,,,,,
513,Absolunote,,,,,,,,,,,,,,
514,木彫り鯰と右肩ゾンビ,木雕,,,,,,,,,,,,,
515,ヒビカセ,让其响彻,,,,,,,,,,,,,
516,WAVE,,,,,,,,,,,,,,
517,高気圧ねこロック,高气压,,,,,,,,,,,,,
524,ETERNAL DRAIN,,,,,,,,,,,,,,
525,Paradisus-Paradoxum,papa,,,,,,,,,,,,,
528,チルノのパーフェクトさんすう教室　⑨周年バージョン,9,,,,,,,,,,,,,
532,Cosmic twinkle star,,,,,,,,,,,,,,
533,終わりなき物語,,,,,,,,,,,,,,
534,BlazinG AIR,中杯,,,,,,,,,,,,,
535,Change me,,,,,,,,,,,,,,
538,AMAZING MIGHTYYYY!!!!,am,,,,,,,,,,,,,
540,砂の惑星 feat. HATSUNE MIKU,砂之惑星,,,,,,,,,,,,,
547,拝啓ドッペルゲンガー,敬启,敬启我的分身,,,,,,,,,,,,
548,Doppelganger,分身,二重身,,,,,,,,,,,,
549,色は匂へど散りぬるを,,,,,,,,,,,,,,
550,ポルカドット,,,,,,,,,,,,,,
551,Sparking Revolver,左轮,xi左轮,357,,,,,,,,,,,
552,Gate of Doom,,,,,,,,,,,,,,
553,ダンスロボットダンス,dance robot dance,,,,,,,,,,,,,
554,アルカリレットウセイ,碱性劣等生,,,,,,,,,,,,,
555,キレキャリオン,电锯娘,,,,,,,,,,,,,
556,グラーヴェ,grave,,,,,,,,,,,,,
557,レトロマニア狂想曲,复古疯狂狂想曲,,,,,,,,,,,,,
558,イロドリミドリ杯花映塚全一決定戦公式テーマソング『ウソテイ』,,,,,,,,,,,,,,
559,otorii INNOVATED -[i]3-,大鸟居,前列腺,,,,,,,,,,,,
560,未来イマジネーション！,,,,,,,,,,,,,,
561,純情-SAKURA-,,,,,,,,,,,,,,
562,青春サイダー,,,,,,,,,,,,,,
564,Very! Merry!! Session!!!,,,,,,,,,,,,,,
565,popcorn,,,,,,,,,,,,,,
566,Pastel Party,,,,,,,,,,,,,,
567,はちみつアドベンチャー,,,,,,,,,,,,,,
568,CHOCOLATE BOMB!!!!,,,,,,,,,,,,,,
569,Twilight,,,,,,,,,,,,,,
570,ねぇ、壊れタ人形ハ何処へ棄テらレるノ？,坏人形,,,,,,,,,,,,,
572,WARNING×WARNING×WARNING,,,,,,,,,,,,,,
573,Grip & Break down !!,,,,,,,,,,,,,,
574,ネ！コ！,,,,,,,,,,,,,,
575,マトリョシカ,,,,,,,,,,,,,,
577,ゴーゴー幽霊船,,,,,,,,,,,,,,
578,La Flesvelka,,,,,,,,,,,,,,
583,碧き孤島のアングゥィス,,,,,,,,,,,,,,
585,ラブって♡ジュエリー♪えんじぇる☆ブレイク！！,,,,,,,,,,,,,,
586,ぶれいくるみるくらぶ！,,,,,,,,,,,,,,
587,クレッシェンド・ストーリー,,,,,,,,,,,,,,
588,Sentimental Snow,,,,,,,,,,,,,,
589,サンシャインサマー☆夏期講習,,,,,,,,,,,,,,
590,"NYAN-NYA, More! ラブシャイン、Chu♥",,,,,,,,,,,,,,
592,厨病激発ボーイ,,,,,,,,,,,,,,
593,StargazeR,,,,,,,,,,,,,,
594,ゴーストルール,幽灵法则,,,,,,,,,,,,,
595,頓珍漢の宴,顿珍汉之宴,,,,,,,,,,,,,
597,TOMORROW,,,,,,,,,,,,,,
598,Super Lovely (Heavenly Remix),,,,,,,,,,,,,,
599,Chocolate Happy,,,,,,,,,,,,,,
600,管弦楽組曲 第3番 ニ長調「第2曲（G線上のアリア）」BWV.1068-2,二长调,管弦乐组曲,,,,,,,,,,,,
601,ここで一席！　Oshama Scramble!,,,,,,,,,,,,,,
604,ウサテイ,,,,,,,,,,,,,,
605,Scream out! -CHUNITHM Tuning-,,,,,,,,,,,,,,
606,Spring of Dreams,,,,,,,,,,,,,,
607,Floating Darkness,,,,,,,,,,,,,,
614,Change Our MIRAI！ (Our 7 Lights),,,,,,,,,,,,,,
615,Dual Fractal,,,,,,,,,,,,,,
616,Drivessover,,,,,,,,,,,,,,
617,Surveiller et punir,法国人,法,,,,,,,,,,,,
618,業 -善なる神とこの世の悪について-,业善,业,,,,,,,,,,,,
619,End Time,et,,,,,,,,,,,,,
625,volcanic,火山,臀萌金曲,,,,,,,,,,,,
626,アンノウン・マザーグース,不为人知的鹅妈妈童谣,鹅妈妈,,,,,,,,,,,,
627,ゆけむり魂温泉 II,,,,,,,,,,,,,,
628,サドマミホリック,,,,,,,,,,,,,,
629,Candyland Symphony,,,,,,,,,,,,,,
631,初音ミクの激唱,机场,,,,,,,,,,,,,
632,つるぺったん,,,,,,,,,,,,,,
633,咲キ誇レ常世ノ華,,,,,,,,,,,,,,
635,チルノおかんのさいきょう☆バイブスごはん,,,,,,,,,,,,,,
636,放課後ストライド,放课后stride,,,,,,,,,,,,,
637,きゅうりバーにダイブ,,,,,,,,,,,,,,
638,むしとりのうた,,,,,,,,,,,,,,
653,ミリオン／ワンズ,million ones,,,,,,,,,,,,,
654,ブリキノダンス,马口铁之舞,,,,,,,,,,,,,
655,フリィダム ロリィタ,自由的洛丽塔,,,,,,,,,,,,,
656,DAYBREAK FRONTLINE,黎明前线,,,,,,,,,,,,,
657,バレリーコ,芭蕾舞者,,,,,,,,,,,,,
658,おちゃめ機能,天真烂漫机能,,,,,,,,,,,,,
659,輪廻転生,,,,,,,,,,,,,,
660,シャルル,夏露露,,,,,,,,,,,,,
662,地獄の端にて君を待つ,,,,,,,,,,,,,,
663,聖少女サクリファイス,,,,,,,,,,,,,,
664,究極焼肉レストラン！お燐の地獄亭！,,,,,,,,,,,,,,
665,WARNING!,,,,,,,,,,,,,,
666,Paranoia,,,,,,,,,,,,,,
667,ナイト・オブ・ナイツ (Cranky Remix),cranky夜骑,夜骑,,,,,,,,,,,,
668,Brain Power,脑力,,,,,,,,,,,,,
669,ouroboros -twin stroke of the end-,衔尾蛇,,,,,,,,,,,,,
670,GERBERA,几把热,,,,,,,,,,,,,
671,Taiko Drum Monster,太鼓,太鼓怪兽,,,,,,,,,,,,
676,Nhelv,你和驴,,,,,,,,,,,,,
677,PUPA,蝴蝶,,,,,,,,,,,,,
678,Parousia,拍肉丝,,,,,,,,,,,,,
679,Papyrus,,,,,,,,,,,,,,
681,Black Lair,,,,,,,,,,,,,,
683,オーケー？　オーライ！,,,,,,,,,,,,,,
684,Black'n White JAMMIN' CATS,,,,,,,,,,,,,,
685,ライトスピード・デイズ,,,,,,,,,,,,,,
686,Fire me up,,,,,,,,,,,,,,
688,朝焼けプラットホーム,,,,,,,,,,,,,,
689,PAST,,,,,,,,,,,,,,
690,Blessed,,,,,,,,,,,,,,
691,FRIDAY FRIDAY,,,,,,,,,,,,,,
692,足立オウフwwww,,,,,,,,,,,,,,
693,Seagull,,,,,,,,,,,,,,
694,Blaster Heaven,,,,,,,,,,,,,,
695,ハートアタック,心脏病,心攻击,,,,,,,,,,,,
696,Summer is over,,,,,,,,,,,,,,
697,folern,佛冷,,,,,,,,,,,,,
698,2DVenture,,,,,,,,,,,,,,
699,ぜったい！昇天★鎮魂歌♂,,,,,,,,,,,,,,
700,夕焼けのRed Parade,夕烧,,,,,,,,,,,,,
701,StufeStern,ss,,,,,,,,,,,,,
702,スピカの天秤,天平,,,,,,,,,,,,,
703,涙色メモリア,,,,,,,,,,,,,,
704,Magic,,,,,,,,,,,,,,
705,男装女形表裏一体発狂小娘の詐称疑惑と苦悩と情熱。,男娘,,,,,,,,,,,,,
706,コモリの怪物,,,,,,,,,,,,,,
707,中学2年生のアンドロイド,,,,,,,,,,,,,,
708,Life,,,,,,,,,,,,,,
710,Solstånd,,,,,,,,,,,,,,
711,Sqlupp,色情撸屁屁,,,,,,,,,,,,,
712,Climax,高潮,魔男,,,,,,,,,,,,
713,larva,拉瓦,,,,,,,,,,,,,
715,CYCLES,,,,,,,,,,,,,,
716,夢花火,,,,,,,,,,,,,,
717,FEEL the BEATS,,,,,,,,,,,,,,
720,ロキ,roki,,,,,,,,,,,,,
721,Innocent Truth,,,,,,,,,,,,,,
722,CITRUS MONSTER,橘子怪兽,橘子,,,,,,,,,,,,
729,サヨナラフリーウェイ,,,,,,,,,,,,,,
730,Ai Nov,,,,,,,,,,,,,,
731,エンジェデビ,,,,,,,,,,,,,,
732,Servant of Love,,,,,,,,,,,,,,
733,アイリちゃんは暗黒魔導士!,,,,,,,,,,,,,,
734,電光石火,电光石火,电光火石,,,,,,,,,,,,
735,strelitzia,,,,,,,,,,,,,,
736,サヨナラチェーンソー,再见了电锯,,,,,,,,,,,,,
737,Seyana. ～何でも言うことを聞いてくれるアカネチャン～,琴叶茜,,,,,,,,,,,,,
738,はやくそれになりたい！,音街鳗,,,,,,,,,,,,,
739,ちがう!!!,不对的,,,,,,,,,,,,,
740,雨とペトラ,雨与佩特拉,,,,,,,,,,,,,
741,あうんどばいみー,aund by me,,,,,,,,,,,,,
742,White Traveling Girl,,,,,,,,,,,,,,
743,トランスダンスアナーキー,trance dance anarchy,,,,,,,,,,,,,
744,ゴールドビジョン,gold vision,,,,,,,,,,,,,
745,【東方ニコカラ】秘神マターラ feat.魂音泉【IOSYS】,,,,,,,,,,,,,,
746,Ever green Never end,,,,,,,,,,,,,,
747,咲かせよ 沸かせよ バンバンBURN！,,,,,,,,,,,,,,
749,Fracture Ray,骨折光,,,,,,,,,,,,,
750,Axium Crisis,ac,,,,,,,,,,,,,
751,Grievous Lady,病女,,,,,,,,,,,,,
752,CO5M1C R4ILR0AD,星铁,cosmic railroad,星穹铁道,,,,,,,,,,,
753,Pure Ruby,真红,纯红,,,,,,,,,,,,
754,一世嬉遊曲‐ディヴェルティメント‐,,,,,,,,,,,,,,
755,恋のチャイム,,,,,,,,,,,,,,
756,逃げろ！サテライトキャンパス！！,,,,,,,,,,,,,,
757,THE BRASS OF GOODSPEED!!,,,,,,,,,,,,,,
760,カゲロウデイズ,阳炎眩乱,阳炎,,,,,,,,,,,,
761,妄想感傷代償連盟,妄想感伤代偿联盟,,,,,,,,,,,,,
762,Everlasting Today,et,九条枫,大长今,,,,,,,,,,,
763,Distance,,,,,,,,,,,,,,
764,Outlaw's Lullaby,如龙,,,,,,,,,,,,,
765,The Pursuit of Speed,,,,,,,,,,,,,,
766,光線チューニング ～なずな妄想海フェスイメージトレーニングVer.～,,,,,,,,,,,,,,
768,39,,,,,,,,,,,,,,
771,Funny Funky Freaky,,,,,,,,,,,,,,
772,Pangaea,泛大陆,,,,,,,,,,,,,
773,ZEUS,宙斯,,,,,,,,,,,,,
774,Agitation！,,,,,,,,,,,,,,
775,暗晦にハイライト,暗晦,晦暗,,,,,,,,,,,,
776,8-EM,ATM,8em,,,,,,,,,,,,
777,Killing Rhythm,杀节奏,KR,,,,,,,,,,,,
780,METEOR,,,,,,,,,,,,,,
781,ワールズエンド・ダンスホール,末世舞厅,世末舞厅,,,,,,,,,,,,
782,Worlds End,,,,,,,,,,,,,,
783,Shout Our Evidence!,,,,,,,,,,,,,,
784,YURUSHITE,逢坂茜上桌,嬲你妈妈别,回娄底,,,,,,,,,,,
785,ユメキキョウ,,,,,,,,,,,,,,
786,Black Swan Lake,黑天鹅,黑天鹅湖,,,,,,,,,,,,
787,GIGA DRIVE,千兆驱动器,,,,,,,,,,,,,
788,Rebellion,reb,反叛,,,,,,,,,,,,
791,Doll Judgment,,,,,,,,,,,,,,
792,お嫁にしなさいっ！,,,,,,,,,,,,,,
793,待チ人ハ来ズ。,,,,,,,,,,,,,,
795,命ばっかり,只为生命,,,,,,,,,,,,,
796,テオ,将手,,,,,,,,,,,,,
797,ハイセンスナンセンス,黑白初音,,,,,,,,,,,,,
798,デンパラダイム,电波模范,,,,,,,,,,,,,
799,星の器～STAR OF ANDROMEDA,星之器,星器,,,,,,,,,,,,
802,STARTLINER,,,,,,,,,,,,,,
803,Vibrant Verve,vv,,,,,,,,,,,,,
804,燃えてもエンジョイ！宛城、炎上！！,小炎上,,,,,,,,,,,,,
806,水晶世界 ～Fracture～,,,,,,,,,,,,,,
807,BlythE,我喜欢你，你喜欢我,,,,,,,,,,,,,
810,UNION,,,,,,,,,,,,,,
815,ただ君に晴れ,,,,,,,,,,,,,,
816,ナンセンス文学,无意义文学,,,,,,,,,,,,,
817,ロスタイムメモリー,回忆补时,,,,,,,,,,,,,
818,ヒバナ,火花,七八十,,,,,,,,,,,,
819,最終鬼畜妹フランドール・S,最终鬼畜妹,,,,,,,,,,,,,
821,"""STAR""T",,,,,,,,,,,,,,
822,Excalibur ～Revived resolution～,生煎2,圣剑2,,,,,,,,,,,,
823,Opfer,op,叩,原批,,,,,,,,,,,
824,神威 (NAOKI × ZPP MIX),神威remix,,,,,,,,,,,,,
825,サヴァイバル・キリング・メーカー,survival killing maker,,,,,,,,,,,,,
826,ツクヨミステップ,月读舞步,,,,,,,,,,,,,
827,【冒険】イングリット葛西降臨！【実況】,,,,,,,,,,,,,,
828,ハジマリノピアノ,最初的钢琴,,,,,,,,,,,,,
829,レーイレーイ,,,,,,,,,,,,,,
830,Surrogate Life,狗头人,,,,,,,,,,,,,
831,Nijirate Fanatics,,,,,,,,,,,,,,
832,Destr0yer,d0,,,,,,,,,,,,,
833,R.I.P.,rip,,,,,,,,,,,,,
834,せかいせいふく！ゆりあちゃん！,电音蝌蚪,,,,,,,,,,,,,
835,Trackless wilderness,无轨荒原,,,,,,,,,,,,,
836,absolute rightness,绝对正义,,,,,,,,,,,,,
837,Walzer für das Nichts,德二,德国人2,德2,,,,,,,,,,,
838,Lover's Trick,,,,,,,,,,,,,,
839,まごころのカスクルゥト,,,,,,,,,,,,,,
840,幾望の月,几望之月,,,,,,,,,,,,,
841,アカリがやってきたぞっ,绁星灯,akari来了哦,,,,,,,,,,,,
842,おねがいダーリン,拜托了亲爱的,,,,,,,,,,,,,
843,リンカーネイション,灵魂转生,reincarnation,,,,,,,,,,,,
844,太陽系デスコ,太阳系迪斯科,,,,,,,,,,,,,
845,▲MEW▲△MEW△CAKE,,,,,,,,,,,,,,
846,野良猫ハート,,,,,,,,,,,,,,
848,進捗どうですか？,,,,,,,,,,,,,,
849,単一指向性オーバーブルーム,,,,,,,,,,,,,,
850,《混乱》 ～ Muspell,混乱,,,,,,,,,,,,,
851,《理想》 ～ Cloudland,理想,,,,,,,,,,,,,
852,《逃避》 ～ The Deserter,逃避,,,,,,,,,,,,,
853,《最愛》 ～ Curse,最爱,,,,,,,,,,,,,
854,《運命》 ～ Ray of Hope,运命,,,,,,,,,,,,,
856,Star Divine,,,,,,,,,,,,,,
858,御旗のもとに,,,,,,,,,,,,,,
859,みなえをチェック！,,,,,,,,,,,,,,
860,とーきょー全域★アキハバラ？ (ver.にこる),,,,,,,,,,,,,,
863,AXION,,,,,,,,,,,,,,
865,MEGATON BLAST,百万吨爆炸,爆,,,,,,,,,,,,
867,結んで開いて羅刹と骸,,,,,,,,,,,,,,
868,ダブルラリアット,转圈歌,,,,,,,,,,,,,
869,＊ハロー、プラネット。,hello planet,,,,,,,,,,,,,
870,magnet,磁铁,,,,,,,,,,,,,
871,Pump!n,,,,,,,,,,,,,,
872,Endless Seeker,,,,,,,,,,,,,,
873,STRIPES feat. EL.J (2018 reinterpretation),,,,,,,,,,,,,,
874,Cosmic Magic Shooter,,,,,,,,,,,,,,
875,神楽,神乐,,,,,,,,,,,,,
876,Bad Apple!! feat.nomico (Nhato Remix),,,,,,,,,,,,,,
877,ヴンダーカンマー,,,,,,,,,,,,,,
878,Destination,,,,,,,,,,,,,,
879,Fidget Dancer,,,,,,,,,,,,,,
880,Megameteor,大陨石,,,,,,,,,,,,,
881,Trrricksters!!,trrr,二见鸟,,,,,,,,,,,,
882,Road without Road,,,,,,,,,,,,,,
885,Ladymade Star,,,,,,,,,,,,,,
886,Memory of Beach,,,,,,,,,,,,,,
887,SON OF SUN,日儿子,日之子,,,,,,,,,,,,
888,Rightfully,,,,,,,,,,,,,,
889,巫女みこナース・愛のテーマ,,,,,,,,,,,,,,
891,音弾超人ゴリライザー,音弹超人,,,,,,,,,,,,,
893,Giselle,鸡饲料,吉赛尔,,,,,,,,,,,,
894,7 colors*,,,,,,,,,,,,,,
895,Life is PIANO,生命是钢琴,命是琴,生命如琴,,,,,,,,,,,
896,タテマエと本心の大乱闘,大乱斗,椿批金曲,蓝原椿,,,,,,,,,,,
897,Zest of Blue,,,,,,,,,,,,,,
899,conflict(斉唱),彩绿公交车,,,,,,,,,,,,,
900,チョウの標本,标本,,,,,,,,,,,,,
901,Be A Shooter！～NORMAL BIG BONUS～,,,,,,,,,,,,,,
909,Catch the Wave,,,,,,,,,,,,,,
910,Auxesia,,,,,,,,,,,,,,
911,Sound Chimera,奇美拉,,,,,,,,,,,,,
912,やらなきゃいけないことばかり,,,,,,,,,,,,,,
913,エンドマークに希望と涙を添えて ～イロドリミドリアレンジ～,彩绿希望泪,,,,,,,,,,,,,
914,Secret Sleuth,,,,,,,,,,,,,,
915,Ghost Dance,,,,,,,,,,,,,,
916,モノクロトワイライト,,,,,,,,,,,,,,
917,シャッキーーン！！,,,,,,,,,,,,,,
918,《破滅》 ～ Rhapsody for The End,破灭,《》,猛料大杯,,,,,,,,,,,
921,メルティランドナイトメア,melty land nightmare,,,,,,,,,,,,,
922,絶対にチョコミントを食べるアオイチャン,琴叶葵,,,,,,,,,,,,,
923,だれかの心臓になれたなら,想要成为谁的心脏,,,,,,,,,,,,,
926,Kadenz,,,,,,,,,,,,,,
927,MARENOL,骂人,骂人ol,,,,,,,,,,,,
928,Day by Day CRiSiS Songs,,,,,,,,,,,,,,
929,Energy Booster ～ 上海紅茶館,,,,,,,,,,,,,,
930,7 days a week,,,,,,,,,,,,,,
931,メイドと血の懐中時計,,,,,,,,,,,,,,
932,ARROW RAIN feat. Ayame,,,,,,,,,,,,,,
933,悪戯センセーション,,,,,,,,,,,,,,
934,紅き魔汁、闇より降りて天啓の響きを導く,红魔汁,,,,,,,,,,,,,
935,ロング・スロー・アライブ,,,,,,,,,,,,,,
936,迷える薔薇に終わらぬ夜を,,,,,,,,,,,,,,
937,パームカルマ,,,,,,,,,,,,,,
938,Therapeutic Hoedown,,,,,,,,,,,,,,
939,バイオレンストリガー,暴力扳机,,,,,,,,,,,,,
940,KILLER B,,,,,,,,,,,,,,
941,アヤカシ,,,,,,,,,,,,,,
942,残響,,,,,,,,,,,,,,
943,クレイジー・ビート,crazy beat,,,,,,,,,,,,,
944,felys -final remix-,凤梨酥,,,,,,,,,,,,,
945,アフタースクール・エモーション,,,,,,,,,,,,,,
946,Jörqer,,,,,,,,,,,,,,
947,ちゅんちゅちゅチューン,,,,,,,,,,,,,,
948,ドルオタ忍道！楠子ノ巻,,,,,,,,,,,,,,
949,エキセントリックコンコン,,,,,,,,,,,,,,
950,大天使ユリア★降臨!,,,,,,,,,,,,,,
953,グリーンライツ・セレナーデ,绿灯小夜曲,绿灯,绿光小夜曲,,,,,,,,,,,
954,ブレス・ユア・ブレス,,,,,,,,,,,,,,
955,Jump for Joy,,,,,,,,,,,,,,
958,インドア系ならトラックメイカー,,,,,,,,,,,,,,
959,Blackmagik Blazing,黑魔法,,,,,,,,,,,,,
960,アイジャストロック,,,,,,,,,,,,,,
961,SUPER RESULT BEAT vol.1,,,,,,,,,,,,,,
962,檄！帝国華撃団＜新章＞,,,,,,,,,,,,,,
966,Jade Star,翠星石,,,,,,,,,,,,,
967,君と、この瞬間,,,,,,,,,,,,,,
968,We Are Us,,,,,,,,,,,,,,
969,U ARE,你是,,,,,,,,,,,,,
970,ハードコア・シンドローム,hardcore syndrome,打架第二名,hardcore,硬核,梅西哥拆机,,,,,,,,,
971,Hainuwele,华为,华为完了,,,,,,,,,,,,
972,宿星審判,宿星审判,宿,,,,,,,,,,,,
973,Perfect Shining!!,,,,,,,,,,,,,,
974,みんな Happy!!,,,,,,,,,,,,,,
975,Here We Go,黑喂狗,,,,,,,,,,,,,
976,P！P！P！P！がおー!!,,,,,,,,,,,,,,
978,Ascension to Heaven,飞升,飞升天堂,,,,,,,,,,,,
979,Sweet Requiem,红蓝灵梦,,,,,,,,,,,,,
980,レータイスパークEx,,,,,,,,,,,,,,
981,小悪魔の遊園地,小恶魔,,,,,,,,,,,,,
982,The Metaverse -First story of the SeelischTact-,元宇宙,the,元,meta,,,,,,,,,,
983,命に嫌われている,命嫌,,,,,,,,,,,,,
984,乙女解剖,,,,,,,,,,,,,,
987,フィクサー,fixer,,,,,,,,,,,,,
988,テリトリーバトル,领土战争,男娘,,,,,,,,,,,,
989,ROAD TO DREAM,,,,,,,,,,,,,,
990,絶対トキメキデリバリー,,,,,,,,,,,,,,
991,Yume no hajimari,,,,,,,,,,,,,,
992,Hey Yeah!!,,,,,,,,,,,,,,
993,B100d Hunter,寻血猎犬,b100,,,,,,,,,,,,
994,Last Celebration,lc,,,,,,,,,,,,,
997,Cyaegha,绿魔王,,,,,,,,,,,,,
998,Arcahv,arcaea,,,,,,,,,,,,,
999,AttraqtiA,大杯,att,,,,,,,,,,,,
1002,だから僕は音楽を辞めた,,,,,,,,,,,,,,
1004,ドラマツルギー,拟剧论,,,,,,,,,,,,,
1005,彗星ハネムーン,彗星蜜月,,,,,,,,,,,,,
1006,アンクローズ・ヒューマン,unclose human,,,,,,,,,,,,,
1007,ベノム,猛毒,,,,,,,,,,,,,
1008,ナイト・オブ・ナイツ (USAO Remix),兔夜骑,夜骑,usao夜骑,,,,,,,,,,,
1009,Alea jacta est!,黑人,,,,,,,,,,,,,
1010,Viyella's Tears,小圆,小圆射箭,,,,,,,,,,,,
1011,Paqqin (tpz Despair Remix),怕亲,,,,,,,,,,,,,
1012,Jack the GAME,,,,,,,,,,,,,,
1013,宙の隣,宙之邻,,,,,,,,,,,,,
1014,Just You,,,,,,,,,,,,,,
1015,Insane Gamemode,ig,,,,,,,,,,,,,
1016,Parad'ox,paradox,大佛冷,,,,,,,,,,,,
1017,ANU,阿牛,阿奴,,,,,,,,,,,,
1019,愛されなくても君がいる,,,,,,,,,,,,,,
1020,ぽかぽかの星,,,,,,,,,,,,,,
1021,スターナイトスノウ,星夜之雪,,,,,,,,,,,,,
1022,白ゆき,白雪,,,,,,,,,,,,,
1023,Shiny Smily Story,,,,,,,,,,,,,,
1025,疾走あんさんぶる,,,,,,,,,,,,,,
1026,しゅわスパ大作戦☆,,,,,,,,,,,,,,
1027,LOVE EAST,,,,,,,,,,,,,,
1028,MELtin' 17,,,,,,,,,,,,,,
1029,《狂乱》 ～ Cataclysm,狂乱,,,,,,,,,,,,,
1030,《投影》 ～ Oh My Baby Doll,投影,,,,,,,,,,,,,
1031,《信仰》 ～ Eudaimonia,信仰,,,,,,,,,,,,,
1032,《選別》 ～ Refuge,选别,,,,,,,,,,,,,
1033,《本能》 ～ ReCoda,,,,,,,,,,,,,,
1035,赤壁、大炎上！！,大炎上,,,,,,,,,,,,,
1037,Everything For A Reason,,,,,,,,,,,,,,
1038,Technicians High,科技高,,,,,,,,,,,,,
1039,恋はりんりん☆あーりんベル,,,,,,,,,,,,,,
1040,LINK LINK FEVER!!!,,,,,,,,,,,,,,
1041,DX超性能フルメタル少女,超纵连少女,,,,,,,,,,,,,
1042,SKYSCRAPER,,,,,,,,,,,,,,
1043,Lemegeton -little key of solomon-,所罗门,,,,,,,,,,,,,
1044,BUCHiGiRE Berserker,狂战士,,,,,,,,,,,,,
1048,ぷよぷよのうた ピコピコミックス,,,,,,,,,,,,,,
1055,Wizdomiot,wiz,,,,,,,,,,,,,
1056,なんかノイズにきこえる,,,,,,,,,,,,,,
1057,Over Heart,,,,,,,,,,,,,,
1058,the EmpErroR,皇帝,jmt,,,,,,,,,,,,
1059,"Good bye, Merry-Go-Round.",旋转木马,旋转木妈,,,,,,,,,,,,
1060,レイニーカラー・ウォーターカラー,,,,,,,,,,,,,,
1061,おいでよ！ 高須らいむランド,,,,,,,,,,,,,,
1062,Charlatan,,,,,,,,,,,,,,
1063,萌豚♥功夫♥大乱舞,,,,,,,,,,,,,,
1064,つっぱれ！にゃんきー魂,,,,,,,,,,,,,,
1065,"Athlete Killer ""Meteor""",akm,硅胶歌,鬼叫歌,,,,,,,,,,,
1066,Blazing:Storm,bs,,,,,,,,,,,,,
1067,アンドロイドガール,安卓少女,,,,,,,,,,,,,
1068,こちら、幸福安心委員会です。,幸福安心委员会,,,,,,,,,,,,,
1069,惑星ループ,行星环,,,,,,,,,,,,,
1070,ふぃーばー,,,,,,,,,,,,,,
1071,Earthquake Super Shock,,,,,,,,,,,,,,
1072,はたてのバッコイ殺人事件,,,,,,,,,,,,,,
1073,ポーカーフェイス,,,,,,,,,,,,,,
1074,ケ・セラ・セラ奇想曲,,,,,,,,,,,,,,
1075,C & B,c&b,,,,,,,,,,,,,
1076,月詠に鳴る,月咏,,,,,,,,,,,,,
1077,Blessed Rain,祝福雨,,,,,,,,,,,,,
1078,Elemental Ethnic,元素民族,,,,,,,,,,,,,
1079,X7124,,,,,,,,,,,,,,
1080,異世界かるてっと,,,,,,,,,,,,,,
1081,正体判明ネームレスガール,,,,,,,,,,,,,,
1082,ここからはじまるプロローグ。,,,,,,,,,,,,,,
1083,福宿音屋魂音泉,,,,,,,,,,,,,,
1084,BLACK ROSE,,,,,,,,,,,,,,
1085,BATTLE NO.1,打架第一名,,,,,,,,,,,,,
1086,祈 -我ら神祖と共に歩む者なり-,祈,老登,,,,,,,,,,,,
1087,GAME IS LIFE,,,,,,,,,,,,,,
1088,GranFatalité,,,,,,,,,,,,,,
1089,SWEET SHAKE!!,,,,,,,,,,,,,,
1090,What color...,,,,,,,,,,,,,,
1091,クロートーと星の観測者,观测者,星观测者,,,,,,,,,,,,
1092,真千年女王,,,,,,,,,,,,,,
1094,[CRYSTAL_ACCESS],水晶通道,雅迪电动车,,,,,,,,,,,,
1096,ベースラインやってる？笑,w,bassline,,,,,,,,,,,,
1098,董卓討つべし,董卓,,,,,,,,,,,,,
1099,セカイはまだ始まってすらいない,,,,,,,,,,,,,,
1100,TECHNOPOLIS 2085,2085,,,,,,,,,,,,,
1101,ハルシナイト,,,,,,,,,,,,,,
1102,Dark Diver,,,,,,,,,,,,,,
1103,Tattoo,,,,,,,,,,,,,,
1104,呪歌-JyuKa-,,,,,,,,,,,,,,
1105,再生不能,再生低能,,,,,,,,,,,,,
1106,アポカリプスに反逆の焔を焚べろ,反逆焰,,,,,,,,,,,,,
1107,AstrøNotes.,astronotes,,,,,,,,,,,,,
2000,No.1,,,,,,,,,,,,,,
2001,ザ・ライブ革命でSHOW！,,,,,,,,,,,,,,
2002,Yes! Party Time!!,,,,,,,,,,,,,,
2006,香水,,,,,,,,,,,,,,
2007,猫 ～THE FIRST TAKE ver.～,,,,,,,,,,,,,,
2008,インフェルノ,inferno,,,,,,,,,,,,,
2009,残酷な天使のテーゼ,残酷天使,,,,,,,,,,,,,
2010,夜に駆ける,夜驱,,,,,,,,,,,,,
2012,紅,,,,,,,,,,,,,,
2013,GO! GO! MANIAC,ggm,,,,,,,,,,,,,
2014,廻廻奇譚,回回奇谭,,,,,,,,,,,,,
2015,エクストラ・マジック・アワー,,,,,,,,,,,,,,
2016,名前のない怪物,,,,,,,,,,,,,,
2017,ヴィラン,villain,,,,,,,,,,,,,
2018,KING,哈哈你是王,,,,,,,,,,,,,
2019,電脳少女は歌姫の夢を見るか？,电脑少女,,,,,,,,,,,,,
2020,心予報,心预报,,,,,,,,,,,,,
2021,拝啓、桜舞い散るこの日に,敬启2,,,,,,,,,,,,,
2022,セカイ,sekai,,,,,,,,,,,,,
2023,ローリンガール,rolling girl,,,,,,,,,,,,,
2024,骸骨楽団とリリア,骸骨乐团,,,,,,,,,,,,,
2025,失敗作少女,失败作少女,,,,,,,,,,,,,
2026,高音厨音域テスト,,,,,,,,,,,,,,
2027,深海のリトルクライ feat. 土岐麻子,,,,,,,,,,,,,,
2028,ナイト・オブ・ナイツ (かめりあ’s“ワンス・アポン・ア・ナイト”Remix),花夜骑,夜骑,花骑,,,,,,,,,,,
2029,Bad Apple!! feat.nomico (REDALiCE Remix),,,,,,,,,,,,,,
2030,No Life Queen [DJ Command Remix],,,,,,,,,,,,,,
2031,"Little ""Sister"" Bitch",,,,,,,,,,,,,,
2032,キャプテン・ムラサのケツアンカー,,,,,,,,,,,,,,
2033,ホイホイ☆幻想ホロイズム,,,,,,,,,,,,,,
2034,A Site De La Rue,asite,狗叫歌,,,,,,,,,,,,
2035,XL TECHNO -More Dance Remix-,特大,,,,,,,,,,,,,
2036,CHAOS,超市,,,,,,,,,,,,,
2037,二次元ドリームフィーバー,,,,,,,,,,,,,,
2038,SINister Evolution,sin,,,,,,,,,,,,,
2039,]-[|/34<#!,怒蜂,乱码歌,绯蜂,noob,乱码,,,,,,,,,
2040,Crimson Phoenix,凤凰,,,,,,,,,,,,,
2041,8OROCHI,八岐大蛇,,,,,,,,,,,,,
2042,Satellite System ft.Diana Chiaki,卫星系统,卫星,,,,,,,,,,,,
2043,DAZZLING♡SEASON,,,,,,,,,,,,,,
2044,ミュージック・リボルバー,白左轮,,,,,,,,,,,,,
2045,REDRAVE,,,,,,,,,,,,,,
2046,BLUE ZONE,蓝区,蓝的区,,,,,,,,,,,,
2047,花たちに希望を,花希望,,,,,,,,,,,,,
2048,召しませ！Rock'n Roll Party,,,,,,,,,,,,,,
2049,脳天直撃,脑天直击,脑天,,,,,,,,,,,,
2050,封焔の135秒,封焰,135,激烈的打架场景,,,,,,,,,,,
2052,UltraNeon,,,,,,,,,,,,,,
2053,雪男,蜜雪冰城,雪王,,,,,,,,,,,,
2054,DDDD,4D,,,,,,,,,,,,,
2055,Ring,,,,,,,,,,,,,,
2056,Blazing Break,,,,,,,,,,,,,,
2057,Give me Love♡,,,,,,,,,,,,,,
2058,Crack,,,,,,,,,,,,,,
2059,STAR IN THE WORLD,,,,,,,,,,,,,,
2060,蜘蛛の糸,蜘蛛丝,长城,,,,,,,,,,,,
2061,コスモポップファンクラブ,cosmo pop fanclub,cpfc,巴拉巴巴拉,,,,,,,,,,,
2062,夢路拍子,,,,,,,,,,,,,,
2063,人生攻略☆Tips,,,,,,,,,,,,,,
2064,ピュグマリオンの咒文,,,,,,,,,,,,,,
2065,創世のコンツェルティーナ,,,,,,,,,,,,,,
2066,Fantasm,,,,,,,,,,,,,,
2067,Echoes,,,,,,,,,,,,,,
2068,Super Kitsch Mode,刻奇,,,,,,,,,,,,,
2069,Pre Paid Pog Punk Panic,,,,,,,,,,,,,,
2070,自分勝手Dazzling,,,,,,,,,,,,,,
2071,Utopithm,,,,,,,,,,,,,,
2072,妖怪ですから,,,,,,,,,,,,,,
2073,Glory Days,,,,,,,,,,,,,,
2074,Spiral Fortune,,,,,,,,,,,,,,
2075,キズナミュージック♪,kizuma music,kizuna,,,,,,,,,,,,
2076,FIRE BIRD,火鸟,烧鸡,,,,,,,,,,,,
2077,最強 the サマータイム!!!!!,,,,,,,,,,,,,,
2078,I believe what you said,,,,,,,,,,,,,,
2079,スーサイドパレヱド,决死行进,,,,,,,,,,,,,
2080,永遠にゲームで対戦したいキリタン,切蒲英,,,,,,,,,,,,,
2081,アンヘル,,,,,,,,,,,,,,
2082,Get a Life！,,,,,,,,,,,,,,
2083,ロストワードクロニカル,,,,,,,,,,,,,,
2084,Yakumo >>JOINT STRUGGLE (2019 Update),八云,八雲,,,,,,,,,,,,
2085,全力ハッピーライフ,,,,,,,,,,,,,,
2086,明星ロケット,,,,,,,,,,,,,,
2087,神々が恋した幻想郷,幻想乡,,,,,,,,,,,,,
2089,Love & Justice,爱正义,癌症一,,,,,,,,,,,,
2090,《自戒》 ～ Paganelope,自戒,,,,,,,,,,,,,
2091,《紀律》 ～ As One,纪律,,,,,,,,,,,,,
2092,《種子》 ～ Set You Free,种子,,,,,,,,,,,,,
2093,《偏愛》 ～ Shattered Memories,偏爱,,,,,,,,,,,,,
2094,Limits,极限,,,,,,,,,,,,,
2095,天空カフェテリア,点兔,,,,,,,,,,,,,
2096,ヒバリ,,,,,,,,,,,,,,
2097,Say!ファンファーレ!,,,,,,,,,,,,,,
2098,Virtual to LIVE,,,,,,,,,,,,,,
2099,Don't Fight The Music,别打歌,,,,,,,,,,,,,
2100,Realize,realize,,,,,,,,,,,,,
2101,ラグトレイン,延误列车,,,,,,,,,,,,,
2102,幽霊東京,幽灵东京,,,,,,,,,,,,,
2103,ポジティブ・パレード,,,,,,,,,,,,,,
2105,Blueprint,,,,,,,,,,,,,,
2106,Kattobi舞高Riders,彩绿叮叮车,,,,,,,,,,,,,
2107,FLARE,,,,,,,,,,,,,,
2108,UTAKATA,,,,,,,,,,,,,,
2109,Rule the World!!,逢坂茜统治世界,,,,,,,,,,,,,
2110,どうぶつ☆パラダイス,,,,,,,,,,,,,,
2111,Radiance,江江,江江比耶,,,,,,,,,,,,
2112,Lost Princess,,,,,,,,,,,,,,
2113,Mirage Game,,,,,,,,,,,,,,
2114,ルナティックレッドアイズ,,,,,,,,,,,,,,
2115,#FairyJoke,,,,,,,,,,,,,,
2116,NewStartでReadyGo!,,,,,,,,,,,,,,
2117,Qliphothgear,剑圣,,,,,,,,,,,,,
2118,SQUAD-Phvntom-,squad phvntom,,,,,,,,,,,,,
2119,parvorbital,,,,,,,,,,,,,,
2120,Inpaqq,,,,,,,,,,,,,,
2121,Strange Love,奇怪爱,,,,,,,,,,,,,
2122,Akasagarbha -reincarnate-,akasa,,,,,,,,,,,,,
2123,なだめスかし Negotiation（TVsize）,,,,,,,,,,,,,,
2124,88D,,,,,,,,,,,,,,
2125,カラッポ・ノンフィクション,,,,,,,,,,,,,,
2126,Tuk Tuk Boshi,土块,土块博士,,,,,,,,,,,,
2127,プナイプナイたいそう,噗奶噗奶,,,,,,,,,,,,,
2128,多重未来のカルテット -Quartet Theme-,,,,,,,,,,,,,,
2129,Starduster,,,,,,,,,,,,,,
2130,崩壊歌姫 -disruptive diva-,,,,,,,,,,,,,,
2131,マージナル,,,,,,,,,,,,,,
2132,ぽっぴっぽー,,,,,,,,,,,,,,
2133,The secret garden,,,,,,,,,,,,,,
2134,Iudicium “Apocalypsis Mix”,音击iud,小iud,,,,,,,,,,,,
2135,IMPACT,银趴,,,,,,,,,,,,,
2136,Long shot,,,,,,,,,,,,,,
2137,MEGALOVANIA,狂妄之人,,,,,,,,,,,,,
2138,NightTheater,夜剧院,,,,,,,,,,,,,
2139,圧　倒　的　存　在　感,压倒的存在感,,,,,,,,,,,,,
2140,ピアノ協奏曲第１番”蠍火”,歇火,蝎火,,,,,,,,,,,,
2141,永遠のAria,,,,,,,,,,,,,,
2142,うまぴょい伝説,,,,,,,,,,,,,,
2143,うっせぇわ,,,,,,,,,,,,,,
2144,天火明命,,,,,,,,,,,,,,
2145,Blows Up Everything,吹爆,,,,,,,,,,,,,
2146,Baqeela,,,,,,,,,,,,,,
2147,花と、雪と、ドラムンベース。,花一轮,,,,,,,,,,,,,
2148,グッバイ宣言,再见宣言,,,,,,,,,,,,,
2149,テレキャスタービーボーイ,telecaster,telecaster b-boy,,,,,,,,,,,,
2150,ボッカデラベリタ,真理之口,,,,,,,,,,,,,
2151,ヴァンパイア,吸血鬼,,,,,,,,,,,,,
2152,帝国少女,,,,,,,,,,,,,,
2153,クーネル・エンゲイザー,进食睡眠凝视者,,,,,,,,,,,,,
2154,回転 feat.あやぽんず＊,,,,,,,,,,,,,,
2155,SOUL 2 DIVIDE,,,,,,,,,,,,,,
2156,Cinderella Story [BlackY Remix],辛德瑞拉,,,,,,,,,,,,,
2157,妖々跋扈　～ Who done it！！！,妖跋扈,妖妖跋扈,,,,,,,,,,,,
2158,宵闇の月に抱かれて,宵暗,,,,,,,,,,,,,
2160,Starting Over,,,,,,,,,,,,,,
2161,POTENTIAL,ptt,雅迪电动车,b1是,,,,,,,,,,,
2162,まっすぐ→→→ストリーム！,,,,,,,,,,,,,,
2163,トリドリ⇒モリモリ! Lovely fruits☆,,,,,,,,,,,,,,
2164,夜明けのストリング,,,,,,,,,,,,,,
2165,Valsqotch,金熊,,,,,,,,,,,,,
2166,違う、そうじゃない,,,,,,,,,,,,,,
2167,俺ら東京さ行ぐだ,,,,,,,,,,,,,,
2168,J219,,,,,,,,,,,,,,
2169,CAT'S EYE,,,,,,,,,,,,,,
2170,ヤミツキ,,,,,,,,,,,,,,
2171,Titania,江江,有栖,踢他娘,,,,,,,,,,,
2172,Cry Baby,,,,,,,,,,,,,,
2173,怪物,,,,,,,,,,,,,,
2174,明け星,,,,,,,,,,,,,,
2175,シル・ヴ・プレジデント,,,,,,,,,,,,,,
2176,さんさーら！,,,,,,,,,,,,,,
2177,ギラギラ,,,,,,,,,,,,,,
2178,モア！ジャンプ！モア！,mjm,more jump more,元气少女蹦蹦蹦,,,,,,,,,,,
2179,携帯恋話,,,,,,,,,,,,,,
2180,エンヴィーベイビー,,,,,,,,,,,,,,
2181,ダーリンダンス,darling dance,,,,,,,,,,,,,
2182,初音天地開闢神話,盘古,开天辟地,,,,,,,,,,,,
2183,無間嫉妬劇場『666』,无间嫉妒剧场,,,,,,,,,,,,,
2184,ENDYMION,endy,飞龙交互,,,,,,,,,,,,
2185,竹,,,,,,,,,,,,,,
2186,Forever and…,,,,,,,,,,,,,,
2187,タイムカプセル,,,,,,,,,,,,,,
2188,パズルリボン,,,,,,,,,,,,,,
2189,Be4Step,,,,,,,,,,,,,,
2190,Everlasting Liberty,el,,,,,,,,,,,,,
2191,とびだせ！TO THE COSMIC!!,宇宙牛奶,,,,,,,,,,,,,
2192,星めぐり、果ての君へ。,,,,,,,,,,,,,,
2193,モ°ルモ°ル,毛儿,毛儿毛儿,,,,,,,,,,,,
2194,蒼穹舞楽,苍穹舞乐,,,,,,,,,,,,,
2195,Komplexe,黑姬,,,,,,,,,,,,,
2196,愛のシンギュラリティ,爱奇点,,,,,,,,,,,,,
2197,アナタニナルノ,,,,,,,,,,,,,,
2198,コトバウタ,,,,,,,,,,,,,,
2199,A Man In The Mirror,镜男,a dog in the mirror,末白,,,,,,,,,,,
2200,Dig Delight!,,,,,,,,,,,,,,
2201,Floor Killer,,,,,,,,,,,,,,
2202,ジャンキーナイトタウンオーケストラ,瘾者之夜城镇乐队,,,,,,,,,,,,,
2203,エバ,,,,,,,,,,,,,,
2204,トラフィック・ジャム,,,,,,,,,,,,,,
2205,舞高最強ドリームセッション!!!!! ～180秒一曲勝負～,,,,,,,,,,,,,,
2206,HERA,儿也,luze,纵连,,,,,,,,,,,
2207,I'll make you Super Rock Star,,,,,,,,,,,,,,
2208,Reverberate,灯泡头,,,,,,,,,,,,,
2209,Breakthrough,,,,,,,,,,,,,,
2210,Scythe of Death,死镰,,,,,,,,,,,,,
2211,くらべられっ子,,,,,,,,,,,,,,
2212,あの世行きのバスに乗ってさらば。,,,,,,,,,,,,,,
2213,泥の分際で私だけの大切を奪おうだなんて,泥歌,,,,,,,,,,,,,
2214,吉原ラメント,,,,,,,,,,,,,,
2215,フォニイ,phony,,,,,,,,,,,,,
2216,愛のシュプリーム！,,,,,,,,,,,,,,
2217,めいど・うぃず・どらごんず♥,,,,,,,,,,,,,,
2218,Re：End of a Dream,re end,终梦,,,,,,,,,,,,
2219,僕らのFreedom DiVE↓,彩绿fd,,,,,,,,,,,,,
2220,色彩過剰のダイアリーミュージック,,,,,,,,,,,,,,
2221,Last Kingdom,,,,,,,,,,,,,,
2222,3倍！Sun Shine！カーニバル！,,,,,,,,,,,,,,
2223,地獄屋八丁荒らし,,,,,,,,,,,,,,
2224,ハッピーエンドをはじめから,,,,,,,,,,,,,,
2225,過去を喰らう,,,,,,,,,,,,,,
2226,失礼しますが、RIP♡,,,,,,,,,,,,,,
2227,Splash Dance!!,,,,,,,,,,,,,,
2228,帰り道,,,,,,,,,,,,,,
2229,QZKago Requiem,茄子,茄子卡狗,黑猫打白猫,qz,gdp2,毒牛奶,巧克力大战香子兰,铃芽之旅,🍆,猫打架,牛奶2,对立大战光光,猫中毒
2230,#SUP3RORBITAL,superorbital,,,,,,,,,,,,,
2231,WE'RE BACK!!,,,,,,,,,,,,,,
2232,Brightness,,,,,,,,,,,,,,
2233,Λzure Vixen,av,,,,,,,,,,,,,
2234,僕の戦争,,,,,,,,,,,,,,
2235,ポケットからぬりつぶせ！,,,,,,,,,,,,,,
2236,Y.Y.Y.計画!!!!,,,,,,,,,,,,,,
2237,最っ高のエンタメだ!!,,,,,,,,,,,,,,
2238,GODLINESS,,,,,,,,,,,,,,
2239,ホーリーサンバランド,,,,,,,,,,,,,,
2240,MALKUTH -The Last Ruler of Terrestrials-,ma,🐴,马,王国,吗喽哭天喊,,业善二代目,,马哭死,,,,,
2241,DA'AT -The First Seeker of Souls-,daat,,,,,,,,,,,,,
2242,キルミーのベイベー！,,,,,,,,,,,,,,
2243,Rumbling hearts,,,,,,,,,,,,,,
2244,非実在系女子達はどうすりゃいいですか？,,,,,,,,,,,,,,
2245,恋ひ恋ふ縁,以恋结缘,柚子厨,,,,,,,,,,,,
2246,Transcend Lights,114514,,,,,,,,,,,,,
2247,Get the star for you [DJ Command Remix],,,,,,,,,,,,,,
2248,Music Evolution,,,,,,,,,,,,,,
2249,ハウリング,,,,,,,,,,,,,,
2250,寡黙なるフォール,寡默,,,,,,,,,,,,,
2251,みずいろレインドロップ,,,,,,,,,,,,,,
2252,BlackFlagBreaker!!,,,,,,,,,,,,,,
2253,レッド・ルーラー,,,,,,,,,,,,,,
2254,1,,,,,,,,,,,,,,
2255,Before I Rise,,,,,,,,,,,,,,
2257,ミックスナッツ,,,,,,,,,,,,,,
2258,阿修羅ちゃん,,,,,,,,,,,,,,
2259,なにやってもうまくいかない,,,,,,,,,,,,,,
2260,ユメヲカケル！,,,,,,,,,,,,,,
2261,いただきバベル (Prod. ケンモチヒデフミ),,,,,,,,,,,,,,
2262,キュートなカノジョ,,,,,,,,,,,,,,
2263,神っぽいな,像神,,,,,,,,,,,,,
2264,トンデモワンダーズ,,,,,,,,,,,,,,
2265,スカーレット警察のゲットーパトロール24時,,,,,,,,,,,,,,
2266,I'm so Happy,,,,,,,,,,,,,,
2267,Random,随机,,,,,,,,,,,,,
2268,超Rock The Party,,,,,,,,,,,,,,
2269,アンビバレンス,,,,,,,,,,,,,,
2270,TEmPTaTiON,temp,诱惑,百合咲,,,,,,,,,,,
2271,Falsum Atlantis.,亚特兰蒂斯,,,,,,,,,,,,,
2272,ミラージュ・フレイグランス,,,,,,,,,,,,,,
2273,インパアフェクシオン・ホワイトガアル,,,,,,,,,,,,,,
2274,クリーパー,,,,,,,,,,,,,,
2275,Ignition,,,,,,,,,,,,,,
2276,推してもダメならひいてみな！,,,,,,,,,,,,,,
2277,ガチ恋ラビリンス,,,,,,,,,,,,,,
2278,CELERITAS,,,,,,,,,,,,,,
2279,グラウンドスライダー協奏曲第一番「風唄」,风呗,,,,,,,,,,,,,
2280,Crawler / Flyer,,,,,,,,,,,,,,
2281,Re:Credits,,,,,,,,,,,,,,
2282,Cheat Sheet,,,,,,,,,,,,,,
2283,One Room Sky,,,,,,,,,,,,,,
2285,Revived,,,,,,,,,,,,,,
2286,デザイアシューティング,,,,,,,,,,,,,,
2287,Mami Mami Zone,,,,,,,,,,,,,,
2288,Armageddon,arma,,,,,,,,,,,,,
2289,田中,,,,,,,,,,,,,,
2290,INSIDE IDENTITY,,,,,,,,,,,,,,
2291,Van!shment Th!s World,,,,,,,,,,,,,,
2292,がんばれ！蜘蛛子さんのテーマ,,,,,,,,,,,,,,
2293,新世界スターター,,,,,,,,,,,,,,
2294,Girl's Party Planet!,,,,,,,,,,,,,,
2295,Viyella's Scream,尖叫,维也拉尖叫,,,,,,,,,,,,
2296,Desperado Waltz,华尔兹,,,,,,,,,,,,,
2297,HiGHER,,,,,,,,,,,,,,
2298,めっちゃ煽ってくるタイプの音ゲーボス曲ちゃんなんかに負けないが？？？？？,,,,,,,,,,,,,,
2299,Breaking Dawn (feat. 棗いつき),,,,,,,,,,,,,,
2300,Odin,,,,,,,,,,,,,,
2301,Wildfire,野火,台球,,,,,,,,,,,,
2302,ステラ,stella,,,,,,,,,,,,,
2303,Ready Steady,,,,,,,,,,,,,,
2304,群青讃歌,群青赞歌,,,,,,,,,,,,,
2305,キャットラビング,,,,,,,,,,,,,,
2306,マーシャル・マキシマイザー,,,,,,,,,,,,,,
2307,GRÄNDIR,,,,,,,,,,,,,,
2308,Advance（CHUNITHM edit）,,,,,,,,,,,,,,
2309,Let's Starry Party！,,,,,,,,,,,,,,
2310,任せてJC陰陽師☆八雲ちゃん,,,,,,,,,,,,,,
2311,†大闘士＝クライン・フォーゲル・シュピール＝えりか†,大斗士,,,,,,,,,,,,,
2312,Fallin' Darlin' Rollin',,,,,,,,,,,,,,
2313,恋するみたいに☆かませレッドヘルズ,,,,,,,,,,,,,,
2314,シンデレラ,,,,,,,,,,,,,,
2315,アニマル,animal,,,,,,,,,,,,,
2316,パラサイト,,,,,,,,,,,,,,
2317,きゅうくらりん,,,,,,,,,,,,,,
2318,生きる,,,,,,,,,,,,,,
2319,MAIGAHARA パンチラインキッカーズ,,,,,,,,,,,,,,
2320,エータ・ベータ・イータ,蓝原椿,,,,,,,,,,,,,
2321,irony,,,,,,,,,,,,,,
2322,お空のニュークリアフュージョン道場,,,,,,,,,,,,,,
2323,全人類ノ非想天則,,,,,,,,,,,,,,
2324,三妖精SAY YA!!!,,,,,,,,,,,,,,
2326,U&iVERSE -銀河鸞翔-,银河鸾翔,银河翱翔,银河鸟翔,,,,,,,,,,,
2327,RELOAD,,,,,,,,,,,,,,
2328,アイ情劣等生,爱情劣等生,,,,,,,,,,,,,
2329,アイロニック,,,,,,,,,,,,,,
2330,孤独毒毒,,,,,,,,,,,,,,
2331,スティールユー,,,,,,,,,,,,,,
2332,マチガイサガシ,,,,,,,,,,,,,,
2333,痛快リズムアクション「B.B.K.K.B.K.K.」,彩绿bk,,,,,,,,,,,,,
2334,SUPER AMBULANCE,超级救护车,,,,,,,,,,,,,
2336,盟月,,,,,,,,,,,,,,
2337,Bitter Juicy,,,,,,,,,,,,,,
2338,Disruptor Array,阵列,破坏阵列,,,,,,,,,,,,
2339,Daphnis,大奔周,dapenis,大几把,,,,,,,,,,,
2340,To：Be Continued,tbc,未完待续,,,,,,,,,,,,
2341,アマカミサマ,,,,,,,,,,,,,,
2342,だじゃれくりえぃしょん,,,,,,,,,,,,,,
2343,ワールドイズマイン,,,,,,,,,,,,,,
2344,フューチャー・イヴ,future eve,,,,,,,,,,,,,
2345,Magic Rock'n Roll Maker,,,,,,,,,,,,,,
2346,FLUFFY FLASH,ff,,,,,,,,,,,,,
2347,Alexandrite,变石,,,,,,,,,,,,,
2348,PRAGMATISM -RESURRECTION-,白魔王,白魔王复生,白复生,白出生,,,,,,,,,,
2349,Alice's Suitcase,手提箱,,,,,,,,,,,,,
2350,迷える音色は恋の唄,恋歌,,,,,,,,,,,,,
2351,Sheriruth,黑魔王,射日如桃花,,,,,,,,,,,,
2352,STARRED HEART,,,,,,,,,,,,,,
2353,幻想即興曲,,幻想即兴曲,,,,,,,,,,,,
2354,月の光,月光,,,,,,,,,,,,,
2355,「四季」より「冬」,四季冬,,,,,,,,,,,,,
2356,Moon of Noon,月儿子,,,,,,,,,,,,,
2358,4月1日でございました,,,,,,,,,,,,,,
2359,五等分のカタチ,,,,,,,,,,,,,,
2360,魔法少女とチョコレゐト,,,,,,,,,,,,,,
2361,少女レイ,少女灵,,,,,,,,,,,,,
2362,超常マイマイン,超常maimai,,,,,,,,,,,,,
2363,VIIIbit Explorer,八比特,浏览器,,,,,,,,,,,,
2364,MAXRAGE,满怒,,,,,,,,,,,,,
2365,ぱくぱく☆がーる,江江报菜名,,,,,,,,,,,,,
2366,Resolution,,,,,,,,,,,,,,
2367,ヒストリー×ブレイカー,,,,,,,,,,,,,,
2368,"Ruler Count, Zero",,,,,,,,,,,,,,
2369,絆はずっとGrowing Up!!!,,,,,,,,,,,,,,
2370,アマツカミ,,,,,,,,,,,,,,
2371,No Limit RED Force,,,,,,,,,,,,,,
2372,進め！マイウェイ！,,,,,,,,,,,,,,
2373,Burn My Soul,,,,,,,,,,,,,,
2381,Let you DIVE!,,,,,,,,,,,,,,
2382,Knight Rider,骑骑,,,,,,,,,,,,,
2383,ADAM,干什么！,,,,,,,,,,,,,
2384,Exitium,破坏王,,,,,,,,,,,,,
2385,eden,伊甸,,,,,,,,,,,,,
2386,青春コンプレックス,青春症候群,孤独摇滚,,,,,,,,,,,,
2387,ギターと孤独と蒼い惑星,吉他与孤独与蓝色星球,孤独摇滚2,孤独摇滚,,,,,,,,,,,
2388,INTERNET OVERDOSE,,,,,,,,,,,,,,
2389,新時代（ウタfrom ONE PIECE FILM RED）,,,,,,,,,,,,,,
2390,祝福,,,,,,,,,,,,,,
2391,刃渡り2億センチ(TV edit),,,,,,,,,,,,,,
2392,おとせサンダー,落下雷霆,,,,,,,,,,,,,
2393,カレシのジュード,男朋友,,,,,,,,,,,,,
2394,サラマンダー,萨拉曼达,,,,,,,,,,,,,
2395,酔いどれ知らず,不知醉,,,,,,,,,,,,,
2397,もぺもぺ,mopemope,儿童金曲,mope,,,,,,,,,,,
2398,neu,,,,,,,,,,,,,,
2399,雷切-RAIKIRI-,雷切,,,,,,,,,,,,,
2400,LAMIA,拉米亚,,,,,,,,,,,,,
2401,オンソクデイズ!!,音速日子,onsoku days,,,,,,,,,,,,
2403,ウルガレオン,,,,,,,,,,,,,,
2404,やめらんないな!,,,,,,,,,,,,,,
2405,Dive a Wave,,,,,,,,,,,,,,
2406,ASH,,,,,,,,,,,,,,
2407,Makear,,,,,,,,,,,,,,
2408,プライマリー進化論,,,,,,,,,,,,,,
2409,フリーフォール,,,,,,,,,,,,,,
2410,Invisible Frenzy,if,,,,,,,,,,,,,
2411,Quon,,,,,,,,,,,,,,
2412,幻想症候群,,,,,,,,,,,,,,
2413,夜のサーカス,,,,,,,,,,,,,,
2414,Pris-Magic!,,,,,,,,,,,,,,
2415,放課後マーメイド,,,,,,,,,,,,,,
2416,Snow Colored Score,,,,,,,,,,,,,,
2417,LiftOff,,,,,,,,,,,,,,
2418,独りんぼエンヴィー,虾,ebi,,,,,,,,,,,,
2420,Shine In The Sky☆,,,,,,,,,,,,,,
2421,よりみちリトルスター,,,,,,,,,,,,,,
2422,Hydra,嗨爪,,,,,,,,,,,,,
2425,Survive,,,,,,,,,,,,,,
2426,シンデレラディスコ,,,,,,,,,,,,,,
2427,うたかたのせかいで,泡沫世界,,,,,,,,,,,,,
2428,とあちゃんのおもちゃ箱,,,,,,,,,,,,,,
2429,白庭,,,,,,,,,,,,,,
2430,REL0VE REL1VE,,,,,,,,,,,,,,
2431,deadeye,死眼,,,,,,,,,,,,,
2432,Aiolos,啊米诺斯,,,,,,,,,,,,,
2433,花となれ,,,,,,,,,,,,,,
2434,カノン,,,,,,,,,,,,,,
2435,異星にいこうね,,,,,,,,,,,,,,
2436,悪魔の踊り方,,,,,,,,,,,,,,
2437,ド屑,,,,,,,,,,,,,,
2438,夏色花火,,,,,,,,,,,,,,
2439,夢と幻想の終点にて,,,,,,,,,,,,,,
2440,Superbia,,,,,,,,,,,,,,
2441,空間創造理論,空间创造理论,,,,,,,,,,,,,
2442,βlαnoir,,,,,,,,,,,,,,
2443,リハーサルタイム,,,,,,,,,,,,,,
2444,Cult future,,,,,,,,,,,,,,
2445,Night Spider,,,,,,,,,,,,,,
2446,#あくあ色ぱれっと,阿夸,,,,,,,,,,,,,
2447,いつかオトナになれるといいね。,,,,,,,,,,,,,,
2448,story,,,,,,,,,,,,,,
2449,ばかみたい【Taxi Driver Edition】,,,,,,,,,,,,,,
2450,セガサターン起動音[H.][Remix],启动音,,,,,,,,,,,,,
2451,スン(マイル)フラワー～Sun(Mile)Flower,,,,,,,,,,,,,,
2452,あなたは世界の終わりにずんだを食べるのだ,,,,,,,,,,,,,,
2453,ちょっとあざとい,,,,,,,,,,,,,,
2454,snooze,,,,,,,,,,,,,,
2455,ONE SAME GOAL,,,,,,,,,,,,,,
2456,Vibes 2k20,2020,,,,,,,,,,,,,
2457,《真紅》 ～ Pavane Pour La Flamme,真红,,,,,,,,,,,,,
2458,《楽土》 ～ One and Only One,乐土,,,,,,,,,,,,,
2459,《散華》 ～ EMBARK,散华,,,,,,,,,,,,,
2460,《慈雨》 ～ La Symphonie de Salacia: Agony Movement,慈雨,,,,,,,,,,,,,
2461,"《創造》 ～ Cries, beyond The End",创造,,,,,,,,,,,,,
2463,反撃! 突撃! Back To Back!,反击突击,反击,,,,,,,,,,,,
2464,Sad Creature,,,,,,,,,,,,,,
2465,Goodbye Innocence,,,,,,,,,,,,,,
2466,Λlteration,,,,,,,,,,,,,,
2467,Regulus,热咕噜,星锑,,,,,,,,,,,,
2468,カリスマ煉獄天神,,,,,,,,,,,,,,
2469,シアワセうさぎ,,,,,,,,,,,,,,
2475,Chaotic Ørder,超市点单,,,,,,,,,,,,,
2476,ぽかぽか温泉音頭,,,,,,,,,,,,,,
2477,sølips,嗦,,,,,,,,,,,,,
2478,茉子の日常,,,,,,,,,,,,,,
2479,キズナヒトツ,,,,,,,,,,,,,,
2480,GEOMETRIC DANCE,,,,,,,,,,,,,,
2481,Love Cheat!,,,,,,,,,,,,,,
2482,ドーナドーナのうた,,,,,,,,,,,,,,
2483,未来への咆哮,,,,,,,,,,,,,,
2485,Singularity,奇点,,,,,,,,,,,,,
2486,ワンダーシャッフェンの法則,,,,,,,,,,,,,,
2487,Paradisoda,苏打,,,,,,,,,,,,,
2488,Yorugao,犹如高,有乳膏,夜颜,紫黑,,,,,,,,,,
2489,ハイファイ☆デイズ,,,,,,,,,,,,,,
2490,ALIVE,,,,,,,,,,,,,,
2491,可愛くてごめん,这么可爱真是抱歉,果咩,,,,,,,,,,,,
2492,"トウキョウ・シャンディ・ランデヴ feat. 花譜, ツミキ",,,,,,,,,,,,,,
2493,マツケンサンバⅡ,,,,,,,,,,,,,,
2494,アイドル,偶像,,,,,,,,,,,,,
2495,STORM,,,,,,,,,,,,,,
2496,さくゆいたいそう,,,,,,,,,,,,,,
2505,ラブカ？,,,,,,,,,,,,,,
2506,強風オールバック,强风大背头,,,,,,,,,,,,,
2507,星界ちゃんと可不ちゃんのおつかい合騒曲,星姐,,,,,,,,,,,,,
2508,リレイアウター,中继输出者,,,,,,,,,,,,,
2509,おどロボ,,,,,,,,,,,,,,
2525,本物のヒーローとの戦い,,,,,,,,,,,,,,
2526,華麗なる死闘,,,,,,,,,,,,,,
2528,Blow My Mind,bmm,,,,,,,,,,,,,
2529,Jakarta PROGRESSION,雅加达,,,,,,,,,,,,,
2530,VALLIS-NERIA,苦草,,,,,,,,,,,,,
2531,Big Bang,大爆,,,,,,,,,,,,,
2532,Spasmodic,痉挛,,,,,,,,,,,,,
2533,ΩΩPARTS,ooparts,op,oop,,,,,,,,,,,
2535,New York Back Raise,赌场,,,,,,,,,,,,,
2549,どこにもいかない,,,,,,,,,,,,,,
2553,オン×ステージ！,,,,,,,,,,,,,,
2554,MarbleBlue.,妈宝蓝,,,,,,,,,,,,,
2555,Sage,撒哥,,,,,,,,,,,,,
2566,少女PastQ,,,,,,,,,,,,,,
2567,君と夏色っ！～わんダフルバケーション～,,,,,,,,,,,,,,
2568,MyPaceInvention,,,,,,,,,,,,,,
2569,colorful,,,,,,,,,,,,,,
2570,ZegalltA,zega,,,,,,,,,,,,,
2571,ウニの歌,海胆,uni,,,,,,,,,,,,
2572,驚異の魔法,,,,,,,,,,,,,,
2573,liberate,,,,,,,,,,,,,,
2583,SILENT BLUE,静蓝,,,,,,,,,,,,,
